input_file,workload_class,trial,content_class,duration_label,selected_regime,selected_label,adaptive_runtime,best_default_baseline,best_default_runtime,selector_vs_default_margin,adaptive_beneficial,T_metadata,T_features,T_scheduler,T_decide,T_execute,rho
experiments/benchmark_suite/inputs/real_clipchamp_1080p_30s.mp4,heavy,1,static-low-motion,30s,parallel,adaptive-searched,9.740407,static-equal,9.676237,-0.006632,False,0.072319,0.657578,0.000832,0.730729,9.740407,0.07502
experiments/benchmark_suite/inputs/real_clipchamp_1080p_30s.mp4,heavy,2,static-low-motion,30s,parallel,static-equal,9.957087,static-equal,9.773691,-0.018764,False,0.071399,0.668966,0.004311,0.744677,9.957087,0.074789
experiments/benchmark_suite/inputs/real_clipchamp_1080p_30s.mp4,heavy,3,static-low-motion,30s,parallel,adaptive-searched,9.998148,static-equal,10.036665,0.003838,True,0.077003,0.695714,0.000869,0.773585,9.998148,0.077373
experiments/benchmark_suite/inputs/real_clipchamp_1080p_30s.mp4,light,1,static-low-motion,30s,parallel,static-equal,2.887735,static-equal,2.460567,-0.173606,False,0.080466,0.695934,0.004857,0.781258,2.887735,0.270543
experiments/benchmark_suite/inputs/real_clipchamp_1080p_30s.mp4,light,2,static-low-motion,30s,parallel,static-equal,2.806261,static-equal,2.336103,-0.201257,False,0.073343,0.670844,0.004376,0.748563,2.806261,0.266748
experiments/benchmark_suite/inputs/real_clipchamp_1080p_30s.mp4,light,3,static-low-motion,30s,parallel,adaptive-searched,2.743344,static-equal,2.336794,-0.173978,False,0.071586,0.657455,0.006724,0.735765,2.743344,0.2682
experiments/benchmark_suite/inputs/real_clipchamp_1080p_30s.mp4,medium,1,static-low-motion,30s,parallel,static-equal,5.904354,static-equal,5.249295,-0.12479,False,0.070671,0.653022,0.004087,0.727779,5.904354,0.123261
experiments/benchmark_suite/inputs/real_clipchamp_1080p_30s.mp4,medium,2,static-low-motion,30s,parallel,static-equal,5.719255,static-equal,5.333859,-0.072255,False,0.073334,0.662106,0.000827,0.736267,5.719255,0.128735
experiments/benchmark_suite/inputs/real_clipchamp_1080p_30s.mp4,medium,3,static-low-motion,30s,parallel,static-equal,5.668117,static-equal,5.256945,-0.078215,False,0.073665,0.658633,0.004219,0.736516,5.668117,0.12994
experiments/benchmark_suite/inputs/real_clipchamp_720p_12s.mp4,heavy,1,static-low-motion,12s,parallel,adaptive-searched,2.770383,static-equal,2.821551,0.018135,True,0.06626,0.281225,0.002187,0.349672,2.770383,0.126218
experiments/benchmark_suite/inputs/real_clipchamp_720p_12s.mp4,heavy,2,static-low-motion,12s,parallel,adaptive-searched,3.05456,static-equal,3.280199,0.068788,True,0.070373,0.302678,0.000478,0.37353,3.05456,0.122286
experiments/benchmark_suite/inputs/real_clipchamp_720p_12s.mp4,heavy,3,static-low-motion,12s,parallel,adaptive-searched,2.799207,static-equal,2.826913,0.009801,True,0.065474,0.286419,0.00053,0.352423,2.799207,0.125901
experiments/benchmark_suite/inputs/real_clipchamp_720p_12s.mp4,light,1,static-low-motion,12s,parallel,static-equal,1.648335,static-equal,1.261024,-0.30714,False,0.070047,0.299365,0.002257,0.371669,1.648335,0.225482
experiments/benchmark_suite/inputs/real_clipchamp_720p_12s.mp4,light,2,static-low-motion,12s,parallel,adaptive-searched,1.338742,static-equal,1.179205,-0.135292,False,0.067217,0.283004,0.002242,0.352464,1.338742,0.26328
experiments/benchmark_suite/inputs/real_clipchamp_720p_12s.mp4,light,3,static-low-motion,12s,parallel,static-equal,1.312226,static-equal,1.313435,0.00092,True,0.073711,0.336432,0.002365,0.412508,1.312226,0.314357
experiments/benchmark_suite/inputs/real_clipchamp_720p_12s.mp4,medium,1,static-low-motion,12s,parallel,static-equal,1.938387,static-equal,1.870517,-0.036284,False,0.067651,0.307112,0.002413,0.377177,1.938387,0.194583
experiments/benchmark_suite/inputs/real_clipchamp_720p_12s.mp4,medium,2,static-low-motion,12s,parallel,static-equal,1.978118,static-equal,1.822266,-0.085527,False,0.065896,0.285778,0.002103,0.353777,1.978118,0.178845
experiments/benchmark_suite/inputs/real_clipchamp_720p_12s.mp4,medium,3,static-low-motion,12s,parallel,adaptive-searched,1.794137,static-equal,1.797932,0.002111,True,0.067546,0.279774,0.000476,0.347796,1.794137,0.193851
experiments/benchmark_suite/inputs/real_clipchamp_720p_3s.mp4,light,1,static-low-motion,3s,serial,serial,0.808951,serial,0.808951,0.0,False,0.065647,0.212524,0.000222,0.278393,0.808951,0.34414
experiments/benchmark_suite/inputs/real_clipchamp_720p_3s.mp4,light,2,static-low-motion,3s,serial,serial,0.800573,serial,0.800573,0.0,False,0.068692,0.210222,0.000195,0.279109,0.800573,0.348637
experiments/benchmark_suite/inputs/real_clipchamp_720p_3s.mp4,light,3,static-low-motion,3s,serial,serial,0.815752,serial,0.815752,0.0,False,0.066735,0.220659,0.000146,0.28754,0.815752,0.352484
experiments/benchmark_suite/inputs/real_phone_1080p_12s.mp4,heavy,1,scene-cut-heavy,12s,parallel,adaptive-searched,4.306978,static-equal,4.262012,-0.01055,False,0.071307,0.40308,0.000535,0.474922,4.306978,0.110268
experiments/benchmark_suite/inputs/real_phone_1080p_12s.mp4,heavy,2,scene-cut-heavy,12s,parallel,adaptive-searched,4.339093,static-equal,4.364127,0.005736,True,0.076009,0.403836,0.000495,0.480339,4.339093,0.1107
experiments/benchmark_suite/inputs/real_phone_1080p_12s.mp4,heavy,3,scene-cut-heavy,12s,parallel,static-equal,4.572297,static-equal,4.347933,-0.051602,False,0.080744,0.429221,0.00227,0.512236,4.572297,0.11203
experiments/benchmark_suite/inputs/real_phone_1080p_12s.mp4,light,1,scene-cut-heavy,12s,parallel,static-equal,1.584029,serial,1.482092,-0.068779,False,0.070453,0.40414,0.002113,0.476706,1.584029,0.300945
experiments/benchmark_suite/inputs/real_phone_1080p_12s.mp4,light,2,scene-cut-heavy,12s,parallel,static-equal,1.568227,serial,1.425724,-0.099951,False,0.071325,0.401557,0.002708,0.47559,1.568227,0.303266
experiments/benchmark_suite/inputs/real_phone_1080p_12s.mp4,light,3,scene-cut-heavy,12s,parallel,static-equal,1.566064,serial,1.41747,-0.10483,False,0.071168,0.411269,0.00226,0.484698,1.566064,0.309501
experiments/benchmark_suite/inputs/real_phone_1080p_12s.mp4,medium,1,scene-cut-heavy,12s,parallel,static-equal,2.625188,static-equal,2.6339,0.003308,True,0.072272,0.410286,0.002475,0.485033,2.625188,0.184761
experiments/benchmark_suite/inputs/real_phone_1080p_12s.mp4,medium,2,scene-cut-heavy,12s,parallel,static-equal,2.653703,serial,2.610596,-0.016512,False,0.071687,0.403656,0.00207,0.477413,2.653703,0.179904
experiments/benchmark_suite/inputs/real_phone_1080p_12s.mp4,medium,3,scene-cut-heavy,12s,parallel,static-equal,2.621511,static-equal,2.615698,-0.002222,False,0.072663,0.403904,0.00219,0.478757,2.621511,0.182627
experiments/benchmark_suite/inputs/real_test_input_720p_30s.mp4,heavy,1,medium-to-high-motion,30s,parallel,adaptive-searched,5.691782,static-equal,5.575906,-0.020782,False,0.068438,0.492289,0.000896,0.561622,5.691782,0.098672
experiments/benchmark_suite/inputs/real_test_input_720p_30s.mp4,heavy,2,medium-to-high-motion,30s,parallel,adaptive-searched,5.7584,static-equal,5.606911,-0.027018,False,0.066543,0.489294,0.000824,0.556661,5.7584,0.096669
experiments/benchmark_suite/inputs/real_test_input_720p_30s.mp4,heavy,3,medium-to-high-motion,30s,parallel,adaptive-searched,5.750343,static-equal,5.495602,-0.046353,False,0.066325,0.499475,0.000889,0.566688,5.750343,0.098549
experiments/benchmark_suite/inputs/real_test_input_720p_30s.mp4,light,1,medium-to-high-motion,30s,parallel,static-equal,2.221291,static-equal,1.801291,-0.233166,False,0.066767,0.495658,0.004156,0.566581,2.221291,0.255069
experiments/benchmark_suite/inputs/real_test_input_720p_30s.mp4,light,2,medium-to-high-motion,30s,parallel,static-equal,2.087641,static-equal,1.793351,-0.164101,False,0.065496,0.475504,0.004093,0.545093,2.087641,0.261105
experiments/benchmark_suite/inputs/real_test_input_720p_30s.mp4,light,3,medium-to-high-motion,30s,parallel,static-equal,2.112378,static-equal,1.788576,-0.181039,False,0.066318,0.489852,0.004753,0.560923,2.112378,0.265541
experiments/benchmark_suite/inputs/real_test_input_720p_30s.mp4,medium,1,medium-to-high-motion,30s,parallel,static-equal,3.656626,static-equal,3.137865,-0.165323,False,0.064706,0.471711,0.000854,0.53727,3.656626,0.146931
experiments/benchmark_suite/inputs/real_test_input_720p_30s.mp4,medium,2,medium-to-high-motion,30s,parallel,static-equal,3.584999,static-equal,3.287134,-0.090615,False,0.066557,0.489982,0.000812,0.55735,3.584999,0.155467
experiments/benchmark_suite/inputs/real_test_input_720p_30s.mp4,medium,3,medium-to-high-motion,30s,parallel,static-equal,3.630181,static-equal,3.331144,-0.08977,False,0.066085,0.498394,0.004461,0.56894,3.630181,0.156725
