input_file,workload_class,pipeline_label,budget_label,max_workers,selected_regime,selected_workers,selected_chunks,selected_policy,predicted_e2e_time,measured_serial_time,predicted_speedup,predicted_efficiency
experiments/benchmark_suite/inputs/real_clipchamp_1080p_30s.mp4,light,inference-normalization,w<=2,2,parallel,2,2,equal-duration,2.322184,3.542447,1.5255,0.7627
experiments/benchmark_suite/inputs/real_clipchamp_1080p_30s.mp4,light,inference-normalization,w<=4,4,parallel,4,4,equal-duration,1.544856,3.542447,2.2931,0.5733
experiments/benchmark_suite/inputs/real_clipchamp_1080p_30s.mp4,light,inference-normalization,w<=8,8,parallel,8,8,equal-duration,1.252195,3.542447,2.829,0.3536
experiments/benchmark_suite/inputs/real_clipchamp_1080p_30s.mp4,light,inference-normalization,unconstrained,,parallel,8,8,equal-duration,1.252195,3.542447,2.829,0.3536
experiments/benchmark_suite/inputs/real_clipchamp_1080p_30s.mp4,medium,vision-enhancement,w<=2,2,parallel,2,2,equal-duration,4.516691,7.169732,1.5874,0.7937
experiments/benchmark_suite/inputs/real_clipchamp_1080p_30s.mp4,medium,vision-enhancement,w<=4,4,parallel,4,4,equal-duration,2.877883,7.169732,2.4913,0.6228
experiments/benchmark_suite/inputs/real_clipchamp_1080p_30s.mp4,medium,vision-enhancement,w<=8,8,parallel,8,8,equal-duration,2.154483,7.169732,3.3278,0.416
experiments/benchmark_suite/inputs/real_clipchamp_1080p_30s.mp4,medium,vision-enhancement,unconstrained,,parallel,8,8,equal-duration,2.154483,7.169732,3.3278,0.416
experiments/benchmark_suite/inputs/real_clipchamp_1080p_30s.mp4,heavy,robust-preprocessing,w<=2,2,parallel,2,2,equal-duration,10.593633,17.214263,1.625,0.8125
experiments/benchmark_suite/inputs/real_clipchamp_1080p_30s.mp4,heavy,robust-preprocessing,w<=4,4,parallel,4,4,equal-duration,6.569248,17.214263,2.6204,0.6551
experiments/benchmark_suite/inputs/real_clipchamp_1080p_30s.mp4,heavy,robust-preprocessing,w<=8,8,parallel,8,8,equal-duration,4.65306,17.214263,3.6996,0.4624
experiments/benchmark_suite/inputs/real_clipchamp_1080p_30s.mp4,heavy,robust-preprocessing,unconstrained,,parallel,8,8,equal-duration,4.65306,17.214263,3.6996,0.4624
experiments/benchmark_suite/inputs/real_clipchamp_720p_12s.mp4,light,inference-normalization,w<=2,2,parallel,2,2,equal-duration,1.194443,1.804185,1.5105,0.7552
experiments/benchmark_suite/inputs/real_clipchamp_720p_12s.mp4,light,inference-normalization,w<=4,4,parallel,4,4,equal-duration,0.849998,1.804185,2.1226,0.5306
experiments/benchmark_suite/inputs/real_clipchamp_720p_12s.mp4,light,inference-normalization,w<=8,8,parallel,4,4,equal-duration,0.849998,1.804185,2.1226,0.5306
experiments/benchmark_suite/inputs/real_clipchamp_720p_12s.mp4,light,inference-normalization,unconstrained,,parallel,4,4,equal-duration,0.849998,1.804185,2.1226,0.5306
experiments/benchmark_suite/inputs/real_clipchamp_720p_12s.mp4,medium,vision-enhancement,w<=2,2,parallel,2,2,equal-duration,1.496786,2.322981,1.552,0.776
experiments/benchmark_suite/inputs/real_clipchamp_720p_12s.mp4,medium,vision-enhancement,w<=4,4,parallel,4,4,equal-duration,1.034891,2.322981,2.2447,0.5612
experiments/benchmark_suite/inputs/real_clipchamp_720p_12s.mp4,medium,vision-enhancement,w<=8,8,parallel,4,4,equal-duration,1.034891,2.322981,2.2447,0.5612
experiments/benchmark_suite/inputs/real_clipchamp_720p_12s.mp4,medium,vision-enhancement,unconstrained,,parallel,4,4,equal-duration,1.034891,2.322981,2.2447,0.5612
experiments/benchmark_suite/inputs/real_clipchamp_720p_12s.mp4,heavy,robust-preprocessing,w<=2,2,parallel,2,2,equal-duration,2.649285,4.300579,1.6233,0.8116
experiments/benchmark_suite/inputs/real_clipchamp_720p_12s.mp4,heavy,robust-preprocessing,w<=4,4,parallel,4,4,equal-duration,1.739685,4.300579,2.472,0.618
experiments/benchmark_suite/inputs/real_clipchamp_720p_12s.mp4,heavy,robust-preprocessing,w<=8,8,parallel,4,4,equal-duration,1.739685,4.300579,2.472,0.618
experiments/benchmark_suite/inputs/real_clipchamp_720p_12s.mp4,heavy,robust-preprocessing,unconstrained,,parallel,4,4,equal-duration,1.739684,4.300579,2.472,0.618
experiments/benchmark_suite/inputs/real_clipchamp_720p_3s.mp4,light,inference-normalization,w<=2,2,serial,1,1,serial,0.808425,0.808425,1.0,1.0
experiments/benchmark_suite/inputs/real_clipchamp_720p_3s.mp4,light,inference-normalization,w<=4,4,serial,1,1,serial,0.808425,0.808425,1.0,1.0
experiments/benchmark_suite/inputs/real_clipchamp_720p_3s.mp4,light,inference-normalization,w<=8,8,serial,1,1,serial,0.808425,0.808425,1.0,1.0
experiments/benchmark_suite/inputs/real_clipchamp_720p_3s.mp4,light,inference-normalization,unconstrained,,serial,1,1,serial,0.808425,0.808425,1.0,1.0
experiments/benchmark_suite/inputs/real_phone_1080p_12s.mp4,light,inference-normalization,w<=2,2,parallel,2,2,equal-duration,1.01527,1.441762,1.4201,0.71
experiments/benchmark_suite/inputs/real_phone_1080p_12s.mp4,light,inference-normalization,w<=4,4,parallel,4,4,equal-duration,0.736854,1.441762,1.9566,0.4892
experiments/benchmark_suite/inputs/real_phone_1080p_12s.mp4,light,inference-normalization,w<=8,8,parallel,4,4,equal-duration,0.736854,1.441762,1.9566,0.4892
experiments/benchmark_suite/inputs/real_phone_1080p_12s.mp4,light,inference-normalization,unconstrained,,parallel,4,4,equal-duration,0.736854,1.441762,1.9566,0.4892
experiments/benchmark_suite/inputs/real_phone_1080p_12s.mp4,medium,vision-enhancement,w<=2,2,parallel,2,2,equal-duration,1.739869,2.639446,1.517,0.7585
experiments/benchmark_suite/inputs/real_phone_1080p_12s.mp4,medium,vision-enhancement,w<=4,4,parallel,4,4,equal-duration,1.177003,2.639446,2.2425,0.5606
experiments/benchmark_suite/inputs/real_phone_1080p_12s.mp4,medium,vision-enhancement,w<=8,8,parallel,4,4,equal-duration,1.177003,2.639446,2.2425,0.5606
experiments/benchmark_suite/inputs/real_phone_1080p_12s.mp4,medium,vision-enhancement,unconstrained,,parallel,4,4,equal-duration,1.177003,2.639446,2.2425,0.5606
experiments/benchmark_suite/inputs/real_phone_1080p_12s.mp4,heavy,robust-preprocessing,w<=2,2,parallel,2,2,equal-duration,3.768305,5.992232,1.5902,0.7951
experiments/benchmark_suite/inputs/real_phone_1080p_12s.mp4,heavy,robust-preprocessing,w<=4,4,parallel,4,4,equal-duration,2.409152,5.992232,2.4873,0.6218
experiments/benchmark_suite/inputs/real_phone_1080p_12s.mp4,heavy,robust-preprocessing,w<=8,8,parallel,4,4,equal-duration,2.409151,5.992232,2.4873,0.6218
experiments/benchmark_suite/inputs/real_phone_1080p_12s.mp4,heavy,robust-preprocessing,unconstrained,,parallel,4,4,equal-duration,2.409151,5.992232,2.4873,0.6218
experiments/benchmark_suite/inputs/real_test_input_720p_30s.mp4,light,inference-normalization,w<=2,2,parallel,2,2,heuristic-adaptive,1.633338,2.49552,1.5279,0.7639
experiments/benchmark_suite/inputs/real_test_input_720p_30s.mp4,light,inference-normalization,w<=4,4,parallel,4,4,equal-duration,1.132382,2.49552,2.2038,0.5509
experiments/benchmark_suite/inputs/real_test_input_720p_30s.mp4,light,inference-normalization,w<=8,8,parallel,8,8,equal-duration,0.977909,2.49552,2.5519,0.319
experiments/benchmark_suite/inputs/real_test_input_720p_30s.mp4,light,inference-normalization,unconstrained,,parallel,8,8,equal-duration,0.977908,2.49552,2.5519,0.319
experiments/benchmark_suite/inputs/real_test_input_720p_30s.mp4,medium,vision-enhancement,w<=2,2,parallel,2,2,equal-duration,2.722753,4.36487,1.6031,0.8016
experiments/benchmark_suite/inputs/real_test_input_720p_30s.mp4,medium,vision-enhancement,w<=4,4,parallel,4,4,equal-duration,1.798598,4.36487,2.4268,0.6067
experiments/benchmark_suite/inputs/real_test_input_720p_30s.mp4,medium,vision-enhancement,w<=8,8,parallel,8,8,equal-duration,1.432524,4.36487,3.047,0.3809
experiments/benchmark_suite/inputs/real_test_input_720p_30s.mp4,medium,vision-enhancement,unconstrained,,parallel,8,8,equal-duration,1.432524,4.36487,3.047,0.3809
experiments/benchmark_suite/inputs/real_test_input_720p_30s.mp4,heavy,robust-preprocessing,w<=2,2,parallel,2,2,equal-duration,5.879418,9.781454,1.6637,0.8318
experiments/benchmark_suite/inputs/real_test_input_720p_30s.mp4,heavy,robust-preprocessing,w<=4,4,parallel,4,4,equal-duration,3.729008,9.781454,2.6231,0.6558
experiments/benchmark_suite/inputs/real_test_input_720p_30s.mp4,heavy,robust-preprocessing,w<=8,8,parallel,8,8,equal-duration,2.749814,9.781454,3.5571,0.4446
experiments/benchmark_suite/inputs/real_test_input_720p_30s.mp4,heavy,robust-preprocessing,unconstrained,,parallel,8,8,equal-duration,2.749807,9.781454,3.5571,0.4446
